Code,Name,Status,PSABDescription,ChartType,ChartAccountType,ParentObjectCode,SummaryLine,IsBudgetable,ActualsPostable,RequiresJobClass,AcceptsFTE,UsesDependentCharterTransfer,NCESReportingRequired,AllowsNegative,NotInUse
11000,Cash Assets,Active,"This is a “roll-up” account for accumulation of totals. Entries are not posted to the “roll-up” account, but to the accounts listed below.",Uniform FY27,Revenue,,Yes,No,No,No,No,No,No,No,No
11111,Unrestricted Cash,Active,Cash balances that have no restrictions associated with its use.,Uniform FY27,Revenue,11000,No,Yes,Yes,No,No,No,No,Yes,No
11112,Restricted Cash,Active,Cash balances that have specific restrictions associated with its use. Used in,Uniform FY27,Revenue,11000,No,Yes,Yes,No,No,No,No,Yes,No
11113,Reserved Cash - Special Revenue Bonds,Active,"Cash set aside and reserved, relating specifically to Special Revenue Bonds.",Uniform FY27,Revenue,11000,No,Yes,Yes,No,No,No,No,Yes,No
41000,Revenue From Local Sources,Active,"This is a “roll-up” account for accumulation of totals. Entries are not posted to the “roll-up” account, but to the accounts listed below.",Uniform FY27,Revenue,,Yes,No,No,No,No,No,No,No,No
41100,Taxes Levied/Assessed by the School District,Active,"Compulsory charges levied by the school district to finance services performed for the common benefit. Separate accounts have been established for the 41100 series. This is a “roll-up” account for accumulation of totals. Entries are not posted to the “roll-up” account, but to the accounts listed below.",Uniform FY27,Revenue,41000,No,No,No,No,No,No,No,No,No
41110,Ad Valorem Taxes - School District,Active,"Taxes levied by a school district on the assessed value of real and personal property located within the school district that, within legal limits, is the final authority in determining the amount to be raised for school purposes. Separate accounts may be established for real property and for personal property. If separate accounts are established under this account, it becomes a “roll-up” account for the accumulation of totals; in which case no entries should be posted to this account.",Uniform FY27,Revenue,41100,No,Yes,Yes,No,No,No,Yes,No,No
41113,Oil and Gas Taxes,Active,Ad valorem taxes upon oil and gas production within a school district. Include all taxes credited by County/State Treasurer.,Uniform FY27,Revenue,41100,No,Yes,Yes,No,No,No,No,No,No
41114,Copper Production,Active,Ad valorem taxes upon copper production within a school district. Include all taxes credited by County/State Treasurer.,Uniform FY27,Revenue,41100,No,Yes,Yes,No,No,No,No,No,No
41115,Other Special Revenue/Taxes,Active,Other special revenues or taxes not otherwise classified.,Uniform FY27,Revenue,41100,No,Yes,Yes,No,No,No,No,No,No
41280,Revenue In Lieu Of Taxes,Active,Bond/TIF (Tax Increment Financing).,Uniform FY27,Revenue,41000,No,Yes,Yes,No,No,No,No,No,No
41300,Tuition Income,Active,"Revenue received by a school district or charter school for educating individuals who reside outside the State of New Mexico or are the children of foreign nationals. These students may NOT be included in NOVA reports and are not included in a district’s membership when calculating the State Equalization Guarantee. This is a “roll-up” account for accumulation of totals. Entries are not posted to the “roll-up” account, but to the accounts listed below.",Uniform FY27,Revenue,41000,No,No,No,No,No,No,No,No,No
41310,Tuition from Foreign Nationals,Active,Revenue received from foreign nationals to compensate a school district or charter school for providing education to their children. Revenue received should be credited to Fund 11000 (Operational). These students may NOT be included in NOVA reports and are not included in a district’s membership when calculating the State Equalization Guarantee.,Uniform FY27,Revenue,41300,No,Yes,Yes,No,No,No,Yes,No,No
41331,Tuition From School Districts outside the State,Active,Revenue received from School Districts outside the state to compensate a local school district or charter school for providing education to their children. Revenue received should be credited to Fund 11000 (Operational). These students may NOT be included in NOVA reports and are not included in a district’s membership when calculating the State Equalization Guarantee.,Uniform FY27,Revenue,41300,No,Yes,Yes,No,No,No,Yes,No,No
41500,Investment Income,Active,"Revenue from short-term and long-term investments, e.g. interest, dividends, rent from property held for investments. Such receipts shall be credited to the fund that provided the cash for investment. Earnings from investments from the Operational sub-fund shall be used for capital outlay expenditures. Separate accounts may be established for the 41500 series. This is a “roll-up” account for accumulation of totals. Entries are not posted to the “roll-up” account, but to the accounts listed below.",Uniform FY27,Revenue,41000,No,No,No,No,No,No,No,No,No
41510,Interest on Investments.,Active,"All interest revenue on investments in U.S. Treasury and agency obligations, commercial paper, savings accounts, time certificates of deposit, mortgages, or other interest-bearing instruments. This would also include interest on demand deposits.",Uniform FY27,Revenue,41500,No,Yes,Yes,No,No,No,Yes,Yes,No
41520,Dividends on Investments.,Active,Revenue from dividends on stocks held for investment.,Uniform FY27,Revenue,41500,No,Yes,Yes,No,No,No,Yes,Yes,No
41530,Net Increase in the Fair Value of Investments.,Active,"Gains recognized from the sale of investments or changes in the fair value of investments. Gains represent the excess of sale proceeds (or fair value) over cost or any other basis at the date of sale (or valuation). All recognized investment gains may be accounted for by using this account; however, interest earnings from short-term investments may be credited to account 41510 (for tracking purposes only). For financial reporting purposes, GASB Statement 31 requires that all investment income, including the changes in fair value of investments, be reported as revenue in the operating statement.",Uniform FY27,Revenue,41500,No,Yes,Yes,No,No,No,Yes,Yes,No
41531,Realized Gains (Losses) on Investments.,Active,"Gains or losses recognized from the sale of investments. Gains represent the excess of sale proceeds over cost or any other basis at the date of sale. Losses represent the excess of the cost or any other basis at the date of sale over sales value. For financial reporting purposes, the net of all realized and unrealized investment gains and losses should be reported as a single line in the financial statements; however, this account and the following account may be used for internal tracking purposes.",Uniform FY27,Revenue,41500,No,Yes,Yes,No,No,No,Yes,Yes,No
41532,Unrealized Gains (Losses) on Investments.,Active,"Gains or losses recognized from changes in the value of investments. Gains represent the excess of fair value over cost or any other basis at the date of valuation. Losses represent the excess of the cost or any other basis at the date of valuation over fair value. For financial reporting purposes, the net of all realized and unrealized investment gains and losses should be reported as a single line in the financial statements; however, this account and the previous account may be used for internal tracking purposes.",Uniform FY27,Revenue,41500,No,Yes,Yes,No,No,No,Yes,Yes,No
41540,Investment Income from Real Property.,Active,"Revenue for rental, use charges, and other income on real property held for investment purposes.",Uniform FY27,Revenue,41500,No,Yes,Yes,No,No,No,Yes,Yes,No
41600,Food Services,Active,"Revenue for dispensing food to students and adults. Separate accounts have been established for the 41600 series. This is a “roll-up” account for accumulation of totals. Entries are not posted to the “roll-up” account, but to the accounts listed below.",Uniform FY27,Revenue,41000,No,No,No,No,No,No,Yes,No,No
41603,Fees - Adults/Food Services,Active,"Revenue from dispensing food to adults, including teachers, parents, and adult education students.",Uniform FY27,Revenue,41600,No,Yes,Yes,No,No,No,No,No,No
41604,Fees - Students/Food Services,Active,Revenue from dispensing food to students. Federal reimbursements are not entered here. They should be recorded under revenue account 44202.,Uniform FY27,Revenue,41600,No,Yes,Yes,No,No,No,No,No,No
41605,Fees - Other/Food Services,Active,"Revenue from dispensing food to outside of regular food services, e.g. catering, a la carte sales.",Uniform FY27,Revenue,41600,No,Yes,Yes,No,No,No,No,No,No
41700,District Activities,Active,"Revenue resulting from co-curricular and extra-curricular activities controlled and administered by the school district or charter school. These revenues are not to be commingled with the proceeds from student activities. Separate accounts have been established for the 41700 series. This is a “roll-up” account for accumulation of totals. Entries are not posted to this “roll-up” account, but to the accounts listed below.",Uniform FY27,Revenue,41000,No,No,No,No,No,No,Yes,No,No
41701,Fees - Activities,Active,Revenue from students for memberships in school clubs or organizations.,Uniform FY27,Revenue,41700,No,Yes,Yes,No,No,No,No,No,No
41702,Fees - Educational,Active,"Revenue from fees charged to students, e.g. lab fees, tutoring fees.",Uniform FY27,Revenue,41700,No,Yes,Yes,No,No,No,No,No,No
41705,Fees - Users,Active,Revenue from patrons of a school-sponsored activity such as a concert or a football game.,Uniform FY27,Revenue,41700,No,Yes,Yes,No,No,No,No,No,No
41706,Fees - Summer School,Active,Revenue from students relating to summer school programs.,Uniform FY27,Revenue,41700,No,Yes,Yes,No,No,No,No,No,No
41900,Other Revenue From Local Sources,Active,"Other revenue from local sources not classified above. Separate accounts have been established within the 41900 series. This is a “roll-up” account for accumulation of totals. Entries are not posted to this “roll-up” account, but to the accounts listed below.",Uniform FY27,Revenue,41000,No,No,No,No,No,No,No,No,No
41910,Rental Income,Active,"Earnings from rents and leases from school-owned property and/or facilities. Revenues received shall be credited to Fund 11000 (Operational). Any Teacherage rental shall be credited to Fund 12000 (Teacherage). Rental of property held for income purposes is not recorded here, but is recorded in account 41540 (Investment Income from Real Property).",Uniform FY27,Revenue,41900,No,Yes,Yes,No,No,No,Yes,No,No
41911,Royalties,Active,"Revenue from royalties (i.e., publications, recordings, mineral and oil royalties generated from production on school owned properties, capital credits, and utility co-ops).",Uniform FY27,Revenue,41900,No,Yes,Yes,No,No,No,No,No,No
41920,Contributions and Donations From Private Sources (Non-Categorical),Active,"Revenue associated with contributions, gifts, bequests, and donations made by private organizations. These organizations include, but are not limited to, educational foundations, PTA/PTO organizations, campus booster clubs, and private individuals. This code should be used to record on-behalf of payments made by private organizations to school district or charter school personnel (e.g., stipends paid to teachers or other school district or charter school staff).",Uniform FY27,Revenue,41900,No,Yes,Yes,No,No,No,Yes,No,No
41921,Instructional - Categorical,Active,"Gifts, bequests and any other revenue received from local sources for a specified purpose related to Instruction.",Uniform FY27,Revenue,41900,No,Yes,Yes,No,No,No,No,No,No
41922,Instructional Support - Categorical,Active,"Gifts, bequests and any other revenue received from local sources for a specified purpose related to Instructional Support.",Uniform FY27,Revenue,41900,No,Yes,Yes,No,No,No,No,No,No
41923,Administration - Categorical,Active,"Gifts, bequests and any other revenue received from local sources for a specified purpose related to Administration.",Uniform FY27,Revenue,41900,No,Yes,Yes,No,No,No,No,No,No
41924,Flow-through Grants from Districts to Charter Schools,Active,,Uniform FY27,Revenue,41900,No,Yes,Yes,No,No,Yes,No,No,No
41931,Special Building - Local,Active,"Proceeds from the sale of property for which the local school board has requested separate accountability. This account may also be used to receipt gifts or bequests, and student vocational construction for large capital outlay projects.",Uniform FY27,Revenue,41900,No,Yes,Yes,No,No,No,No,No,No
41953,Insurance Recoveries,Active,"Insurance recoveries for the replacement of personal, real property, and/or equipment.",Uniform FY27,Revenue,41900,No,Yes,Yes,No,No,No,No,No,No
41955,Special Assessments (REC),Active,Regional Education Cooperative (REC) contract reimbursements to school districts and charter schools for services rendered.,Uniform FY27,Revenue,41900,No,Yes,Yes,No,No,No,No,No,No
41980,Vendor Refund of Prior-Year’s Expenditures,Active,"Expenditures that occurred last year that are refunded this year. (e.g. refunds from prior year expenditures for overpayments, double payments, or returned merchandise) If the refund and the expenditure occurred in the current year, reduce this year’s expenditures, as prescribed by GAAP. Includes refunds from prior year expenditures for overpayments, double payments, or returned merchandise. Do not include refunds for current year expenditures; rather credit the refund to the original expenditure account as prescribed by GAAP. Do not include RfR payments from prior year! Use object 44504 for federal flow-through RfRs prior year Use object 43204 for state flow-through RfR prior year",Uniform FY27,Revenue,41900,No,Yes,Yes,No,No,No,Yes,No,No
43000,Revenue From State Sources,Active,"This is a “roll-up” account for accumulation of totals. Entries are not posted to the “roll-up” account, but to the accounts listed below.",Uniform FY27,Revenue,,Yes,No,No,No,No,No,Yes,No,No
43100,Unrestricted Grants - State Sources,Active,"Revenue recorded as grants by the school district or charter school from state funds that can be used for any legal purpose desired by the school district or charter school without restriction. Separate accounts have been established within the 43100 series. This is a “roll-up” account for accumulation of totals. Entries are not posted to the “roll-up” account, but to the accounts listed below.",Uniform FY27,Revenue,43000,No,No,No,No,No,No,No,No,No
43101,State Equalization Guarantee,Active,Revenue from the State Equalization Guarantee distributed by the State.,Uniform FY27,Revenue,43100,No,Yes,Yes,No,No,No,No,No,No
43104,Emergency - Supplemental,Active,A non-categorical distribution to school districts and charter schools that are in financial need.,Uniform FY27,Revenue,43100,No,Yes,Yes,No,No,No,No,No,No
43120,Charter School Administrative Revenue,Active,2% administrative revenue retained by the district from charter school program costs.,Uniform FY27,Revenue,43100,No,Yes,Yes,No,No,No,No,No,No
43200,Restricted Grants - State Sources,Active,"Revenue recorded as grants by the school district or charter school from state funds that must be used for a categorical or specific purpose. If such money is not completely used by the school district or charter school, it must be returned, usually to the state. Separate accounts have been established for the 43200. This is a “roll-up” account for accumulation of totals. Entries are not posted to the “roll-up” account, but to the accounts listed below.",Uniform FY27,Revenue,43000,No,No,No,No,No,No,No,No,No
43202,State Flow-through Grants,Active,Revenue from State appropriated grants that flow through PED.,Uniform FY27,Revenue,43200,No,Yes,Yes,No,No,No,No,No,No
43203,State Direct Grants,Active,Revenues received from state agencies (other than PED).,Uniform FY27,Revenue,43200,No,Yes,Yes,No,No,No,No,No,No
43204,State Flow-Through Prior Year,Active,Only for funds 27nnn series and 31400 and 31700 series. State revenue for funding awarded in prior year(s).,Uniform FY27,Revenue,43200,No,Yes,Yes,No,No,No,No,No,No
43205,Emergency - Capital Outlay,Active,Distributions to school districts and charter schools to be used for unforeseen capital outlay emergencies.,Uniform FY27,Revenue,43200,No,Yes,Yes,No,No,No,No,No,No
43206,Transportation Distribution,Active,Distribution for the purpose of providing transportation to and from schools for pupils in grades K-12 and qualified special education students. Revenues shall be credited to Fund 13000 (Transportation).,Uniform FY27,Revenue,43200,No,Yes,Yes,No,No,No,No,No,No
43207,Instructional Materials 50% Core/Basal Allocation,Active,Revenue credited to the district for purchases of instructional materials on the State adopted list.,Uniform FY27,Revenue,43200,No,Yes,Yes,No,No,No,No,No,No
43208,PED Tuition for Students Attending out of State,Active,Distribution made to school districts paying for students attending school out-of-state because schools are not reasonably available within their residential district.,Uniform FY27,Revenue,43200,No,Yes,Yes,No,No,No,No,No,No
43209,PSCOC Awards,Active,State appropriated revenue allocated by the Public School Capital Outlay Council.,Uniform FY27,Revenue,43200,No,Yes,Yes,No,No,No,No,No,No
43210,Special Capital Outlay - State,Active,"State grants and matching revenue received from other State agencies for specific capital outlay purposes (i.e., energy conservation, construction of recreational facilities, paving).",Uniform FY27,Revenue,43200,No,Yes,Yes,No,No,No,No,No,No
43211,Instructional Materials 50% Supplementary Allocation,Active,"purchases of instructional materials, not on the State adopted list.",Uniform FY27,Revenue,43200,No,Yes,Yes,No,No,No,No,No,No
43212,Indirect Costs (State Flow-through Grants),Active,Indirect cost charged to a state Flow- through program and then transferred to the Operational sub-fund as reimbursement for administering the program. Indirect cost charged to a program is determined by applying the indirect cost rate approved by PED or a negotiated rate.,Uniform FY27,Revenue,43200,No,Yes,Yes,No,No,No,No,No,No
43213,Indirect Costs (State Direct Grants),Active,Indirect cost charged to other grants and then transferred to the Operational sub-fund as reimbursement for administering the program. Indirect cost charged to a program is determined by applying the indirect cost rate approved by PED or a negotiated rate.,Uniform FY27,Revenue,43200,No,Yes,Yes,No,No,No,No,No,No
43214,Inter-Governmental Contract Revenue/REC,Active,Revenue from other school districts and Rural Education Cooperatives (REC) and governmental entities through a contract or joint powers agreement.,Uniform FY27,Revenue,43200,No,Yes,Yes,No,No,No,No,No,No
43215,Inter-Governmental Contract Revenue,Active,Revenue from other school districts and charter schools through a contract or joint powers agreement.,Uniform FY27,Revenue,43200,No,Yes,Yes,No,No,No,No,No,No
43216,Fees - Governmental Agencies,Active,Revenue from other governmental agencies.,Uniform FY27,Revenue,43200,No,Yes,Yes,No,No,No,No,No,No
44000,Revenue From Federal Sources,Active,"This is a “roll-up” account for accumulation of totals. Entries are not posted to the “roll-up” account, but to the accounts listed below.",Uniform FY27,Revenue,,Yes,No,No,No,No,No,Yes,No,No
44100,Unrestricted Grants - Federal Direct,Active,"Revenues direct from the federal government as grants to the school district or charter school that can be used for any legal purpose desired by the school district or charter school without restriction. Separate accounts have been established within the 44100 series to identify the specific nature of the revenue item. This is a “roll-up” account for accumulation of totals. Entries are not posted to the “roll-up” account, but to the accounts listed below.",Uniform FY27,Revenue,44000,No,No,No,No,No,No,Yes,No,No
44103,"Impact Aid, Public Law 103-382",Active,Revenue received by the school district or charter school through Title VIII.,Uniform FY27,Revenue,44100,No,Yes,Yes,No,No,No,No,No,No
44105,IRS Interest Reimbursement,Active,,Uniform FY27,Revenue,44100,No,Yes,Yes,No,No,No,No,No,No
44107,Indirect Costs (Federal Direct Grants),Active,Indirect cost charged to a federal direct program and then transferred to the Operational fund as reimbursement for administering the federal program. Indirect cost charged to a federal program is determined by applying the indirect cost rate approved by PED or a negotiated rate.,Uniform FY27,Revenue,44100,No,Yes,Yes,No,No,No,No,No,No
44108,DOE Los Alamos/DOD,Active,"Revenue received by the Los Alamos school district from the U.S. Department of Energy, or by school districts from the U.S. Department of Defense.",Uniform FY27,Revenue,44100,No,Yes,Yes,No,No,No,No,No,No
44200,Unrestricted Grants - Federal Flow-through,Active,"Revenues from the federal government through the state as grants that can be used for any legal purpose desired by the school district or charter school without restriction. Separate accounts have been established within the 44200 series to identify the specific nature of the revenue item. This is a “roll-up” account for accumulation of totals. Entries are not posted to the “roll-up” account, but to the accounts listed below.",Uniform FY27,Revenue,44000,No,No,No,No,No,No,Yes,No,No
44204,Forest Reserve,Active,"Income received for the school district's share of forest reserve funds distributed by the Local Government Division of the Department of Finance and Administration in accordance with Section 22-8-33 NMSA, 1978 Compilation.",Uniform FY27,Revenue,44200,No,Yes,Yes,No,No,No,No,No,No
44205,Indirect Costs (Federal Flow-through Grants),Active,Indirect cost charged to a federal Flow- through program and then transferred to the Operational fund as reimbursement for administering the federal program. Indirect cost charged to a federal program is determined by applying the indirect cost rate approved by PED. Only in fund 11000 available.,Uniform FY27,Revenue,44200,No,Yes,Yes,No,No,No,No,No,No
44300,Restricted Grants - Federal Direct,Active,"Revenues direct from the federal government as grants to the school district or charter school that must be used for a categorical or specific purpose. If such money is not completely used by the school district or charter school, it usually is returned to the governmental unit. Separate accounts have been established within the 44300 series to identify the specific nature of the revenue item. This is a “roll-up” account for accumulation of totals. Entries are not posted to the “roll-up” account, but to the accounts listed below.",Uniform FY27,Revenue,44000,No,No,No,No,No,No,Yes,No,No
44301,Other Restricted Grants - Federal Direct,Active,Federal grants directly to school districts or charter schools.,Uniform FY27,Revenue,44300,No,Yes,Yes,No,No,No,No,No,No
44306,Special Capital Outlay - Federal,Active,"Federal grants for specific capital outlay purposes such as energy conservation, construction of recreational facilities, and paving.",Uniform FY27,Revenue,44300,No,Yes,Yes,No,No,No,No,No,No
44500,Restricted Grants - Federal Flow-through,Active,Revenues from the federal government through the state as grants to the school district or charter school that must be used for a categorical or specific purpose.,Uniform FY27,Revenue,44000,No,Yes,Yes,No,No,No,No,No,No
44504,Federal Flow-Through Prior Year,Active,Only for funds 24nnn series. Federal revenue for funding awarded in prior year(s).,Uniform FY27,Revenue,44000,No,Yes,Yes,No,No,No,No,No,No
44700,Federal Grants - Intermediate Sources,Active,"Revenues from the federal government through an intermediate agency. Separate accounts have been established within the 44700 series to identify the specific nature of the revenue item. This is a “roll-up account” for accumulation of totals. Entries are not posted to the “roll-up” account, but to the accounts listed below.",Uniform FY27,Revenue,44000,No,No,No,No,No,No,Yes,No,No
44709,Department of Interior,Active,Revenue received through the county treasurer from the Fish and Wildlife Service under the Refuge Revenue Sharing Act of 1978 (PL 95-469).,Uniform FY27,Revenue,44700,No,Yes,Yes,No,No,No,No,No,No
45000,Other Financing Sources,Active,"This is a “roll-up” account for accumulation of totals. Entries are not posted to the “roll-up” account, but to the accounts listed below.",Uniform FY27,Revenue,,Yes,No,No,No,No,No,Yes,No,No
45100,Issuance of Bonds,Active,"Used to record the face amount of the bonds that are issued. Short-term debt proceeds should not be classified as revenue. When a school district issues short-term debt (debt with duration of less than 12 months) that is to be repaid from governmental funds, a liability (notes payable) should be recorded in the balance sheet of the fund responsible for repayment of the debt. Separate accounts have been established for the 45100 series. This is a “roll-up” account for accumulation of totals. Entries are not posted to the “roll-up” account, but to the accounts listed below.",Uniform FY27,Revenue,45000,No,No,No,No,No,No,No,No,No
45110,Sale of Bonds,Active,Used to record the face amount of bonds sold. Exclude premiums or accrued interest from the sale of such bonds.,Uniform FY27,Revenue,45100,No,Yes,Yes,No,No,No,Yes,No,No
45114,Special Revenue Bond Proceeds,Active,"EXPENDITURE OBJECTS OVERVIEW The primary objective of expenditure objects is to maintain information on the article purchased or the service obtained. The first digit defines the general object category. The last three digits define the major object more specifically. On the modified accrual basis of accounting, expenditures are generally recognized when an event or transaction is expected to draw on current, spendable resources within the reporting fiscal period. For purposes of preparing the year-end financial statements and inclusion in the annual audit, accounts payable are to be recognized. Exchanges of cash for other current assets such as the investment of cash in United States bonds and the repayment of inter-fund loans shall not be considered expenditures. Governmental Funds - Expenditures: Expenditure classification is based primarily on the period the expenditures are expected to benefit. There are four major character classifications: current, capital outlay, debt service, and inter-governmental. The current classification represents benefits for the current period; capital outlays represent benefits for the current and future periods; and debt service is presumably for prior, current and future benefits. Inter-Governmental expenditures represent transfers of resources to another governmental unit outside the reporting entity. Proprietary Funds - Expenses: Expenses of proprietary funds also should be classified in a logical manner consistent with industry practices and standards. Emphasis should be placed on displaying a cost of sales/services amount and the appropriate display of operating and non-operating expenses. For Expenditure accounts the first character is always 5. The second digit refers to the ""Expenditure type"". The major expenditure types are as follows:",Uniform FY27,Revenue,45100,No,Yes,Yes,No,No,No,Yes,No,No
45120,Premium or Discount on the Issuance of Bonds,Active,Proceeds from that portion of the sale price of bonds in excess of or below their par value. The premium or discount represents an adjustment of the interest rate and will be amortized using account 58340 (Amortization of Premium and Discount on Issuance of Bonds). Also includes any accrued interest received at the time of sale of the bonds.,Uniform FY27,Revenue,45100,No,Yes,Yes,No,No,No,No,No,No
45300,Proceeds From the Disposal of Real or Personal Property,Active,"Proceeds from the disposal of school property or compensation for the loss of real or personal property. Any gain or loss on the disposal of property for Proprietary or Fiduciary funds is recorded in account 41930 (Gains or Losses on the Sale of Capital Assets). Account 45300 should be used only for proceeds from the disposal of assets that do not have significant value. The reporting of major asset sales should be recorded using account 46300 (Special Items). Separate accounts have been established for the 45300 series. This is a “roll-up” account for accumulation of totals. Entries are not posted to the “roll-up” account, but to the accounts listed below.",Uniform FY27,Revenue,45000,No,No,No,No,No,No,No,No,No
45303,"Sale of Real Property (>=$25,000) or Equipment (>=$5,000)",Active,"Proceeds from the sale of real property of $25,000 or more or property/equipment of $5,000 or more. Approval by the PED is required prior to the sale.",Uniform FY27,Revenue,45300,No,Yes,Yes,No,No,No,No,No,No
45304,"Sale of Personal Property (<$25,000) or Equipment (<$5,000)",Active,"Proceeds from the sale of property under $25,000 and/or equipment under $5,000.",Uniform FY27,Revenue,45300,No,Yes,Yes,No,No,No,No,No,No
46000,Other Items,Active,"The third digit generally functions as a header or description for the detail accounts to follow. The fourth and fifth digits allow for a further breakdown of the revenue account. Any questions regarding the proper classification of revenue may be referred to the School Budget and Financial Analysis Bureau for interpretation. Note: Codes that are necessary for the NCES reporting are noted with an asterisk (*) and are shaded. Following the description of the Revenue Objects, a listing is provided of the required NCES reporting codes.",Uniform FY27,Revenue,,Yes,No,No,No,No,No,No,No,No
46003,Deferred Sick Leave Accumulation,Active,The accumulated amount of unused sick leave to be transferred into an unused sick leave pool.,Uniform FY27,Revenue,46000,No,Yes,Yes,No,No,No,No,No,No
46004,Donated Commodities,Active,The value of items of food donated by the state or federal government for the Food Services program.,Uniform FY27,Revenue,46000,No,Yes,Yes,No,No,No,No,No,No
46100,Access Board (e-Rate),Active,Discounts provided through the Universal Service Administration Company (USAC) under the direction of the FCC to assist schools to obtain affordable telecommunications and Internet access through the Universal Service Fee (e-rate) charged to interstate and international telecommunications services.,Uniform FY27,Revenue,46000,No,Yes,Yes,No,No,No,No,No,No
46300,Special Items.,Active,"Used to classify special items in accordance with GASB Statement 34. Included are significant transactions or events within the control of the school district administration that are either unusual in nature or infrequent in occurrence. For some districts, these include the sale of certain general governmental capital assets; sale or lease of mineral rights, including oil and gas; sale of infrastructure assets; or significant forgiveness of debt by a financial institution. Special items may also include events that are not within the control of the district. In the governmental funds, these items should be separately captioned or disclosed.",Uniform FY27,Revenue,46000,No,Yes,Yes,No,No,No,No,No,No
46400,Extraordinary Items.,Active,"Used to classify items in accordance with GASB Statement 34. Included are transactions or events that are outside the control of the school district administration and are both unusual in nature and infrequent in occurrence. For some districts, these include insurance proceeds to cover significant costs related to a natural disaster such as a fire, flood, tornado, hurricane, or hail storm; insurance proceeds to cover costs related to an environmental disaster; or a large bequest to a small government by a private citizen. NCES REQUIRED REPORTING CODES The following are the codes required to be reported to the NCES as identified herein. Please note that many of these are header accounts that require roll-up of sub-accounts to meet the reporting requirements.",Uniform FY27,Revenue,46000,No,Yes,Yes,No,No,No,No,No,No
50000,Expenditures,Active,,Uniform FY27,Expenditure,,No,No,No,No,No,No,No,No,No
51000,Personnel Services - Compensation,Active,"Amounts paid to both permanent and temporary school district or charter school employees, including personnel substituting for those in permanent positions. This includes gross salary for personal services rendered while on the payroll of the school district or charter school and other forms of compensation. Used with all Functions except 2900 (Other Support Services), 4000 (Capital Outlay), and 5000 (Debt Service). Used with all Job Classifications except 0000 (None). This is a “roll-up” account for accumulation of totals. Entries are not posted to the “roll-up” account, but to the accounts listed below.",Uniform FY27,Expenditure,50000,Yes,No,No,No,No,No,Yes,No,No
51100,Salaries Expense,Active,"Full-time, part-time, and prorated portions of the costs for work performed by permanent and temporary employees of the school district or charter school.",Uniform FY27,Expenditure,51000,No,Yes,Yes,Yes,Yes,No,No,No,No
51200,Overtime Expense,Active,Amounts paid to non-exempt employees of the school district or charter school in either temporary or permanent positions for work performed in addition to the normal work period for which the employee is compensated under regular and temporary salaries. The terms of such payment for overtime are a matter of state and local regulation and interpretation.,Uniform FY27,Expenditure,51000,No,Yes,Yes,Yes,No,No,No,No,No
51300,Additional Compensation,Active,Amounts paid to both permanent and temporary school district or charter school employees for items such as bonuses or incentives that are in addition to standard compensation. Includes stipends (amounts paid to both permanent and temporary school district or charter school employees that are paid on a regular or irregular basis for some specific purpose such as serving as a department chair or coaching that are in addition to standard compensation).,Uniform FY27,Expenditure,51000,No,Yes,Yes,Yes,No,No,No,No,No
52000,Personnel Services - Employee Benefits,Active,"Amounts paid by the school district or charter school on behalf of employees (amounts not included in gross salary but in addition to that amount). Such payments are fringe benefit payments and, although not paid directly to employees, nevertheless are parts of the cost of personnel services. Used with all Functions except 2900 (Other Support Services), 4000 (Capital Outlay), and 5000 (Debt Service). This is a “roll-up” account for accumulation of totals. Entries are not posted to the “roll-up” account, but to the accounts listed below.",Uniform FY27,Expenditure,50000,Yes,No,No,No,No,No,Yes,No,No
52100,Retirement Contributions,Active,"Employer’s share of any state or local employee retirement system paid by the school district or charter school, including the amount paid for employees assigned to federal programs. Separate accounts have been established for the 52100 series. This is a “roll-up” account for accumulation of totals. Entries are not posted to the “roll-up” account, but to the accounts listed below.",Uniform FY27,Expenditure,52000,No,No,No,No,No,No,No,No,No
52111,Educational Retirement,Active,Employer’s share of Educational Retirement contribution.,Uniform FY27,Expenditure,52100,No,Yes,Yes,Yes,No,No,No,No,No
52112,ERA - Retiree Health,Active,Employer’s share of Educational Retiree Health Care contribution..,Uniform FY27,Expenditure,52100,No,Yes,Yes,Yes,No,No,No,No,No
52200,Social Security Contributions,Active,"Employer’s share of Social Security paid by the school district or charter school. Separate accounts have been established for the 52200 series. Additional accounts may be added as needed for this same purpose. This is a “roll-up” account for accumulation of totals. Entries are not posted to the “roll-up” account, but to the accounts listed below.",Uniform FY27,Expenditure,52000,No,No,No,No,No,No,No,No,No
52210,FICA Payments,Active,Employer’s share of Social Security – FICA taxes.,Uniform FY27,Expenditure,52200,No,Yes,Yes,Yes,No,No,No,No,No
52220,Medicare Payments,Active,Employer’s share of Social Security – Medicare contribution.,Uniform FY27,Expenditure,52200,No,Yes,Yes,Yes,No,No,No,No,No
52300,Health/Medical Benefits,Active,"Amounts paid by the school district or charter school to provide health benefits for its current employees. These charges should be distributed to the appropriate functions in accordance with the related salary expenditures. Separate accounts have been established for the 52300 series. This is a “roll-up” account for accumulation of totals. Entries are not posted to the “roll-up” account, but to the accounts listed below.",Uniform FY27,Expenditure,52000,No,No,No,No,No,No,No,No,No
52311,Health and Medical Premiums,Active,Employer’s share of health and medical premiums.,Uniform FY27,Expenditure,52300,No,Yes,Yes,Yes,No,No,No,No,No
52312,Life,Active,Employer’s share of life insurance premiums.,Uniform FY27,Expenditure,52300,No,Yes,Yes,Yes,No,No,No,No,No
52313,Dental,Active,Employer’s share of dental insurance premiums.,Uniform FY27,Expenditure,52300,No,Yes,Yes,Yes,No,No,No,No,No
52314,Vision,Active,Employer’s share of vision insurance premiums.,Uniform FY27,Expenditure,52300,No,Yes,Yes,Yes,No,No,No,No,No
52315,Disability,Active,Employer’s share of disability insurance premiums.,Uniform FY27,Expenditure,52300,No,Yes,Yes,Yes,No,No,No,No,No
52316,Other Insurance,Active,Employer’s share of insurance benefits authorized by the New Mexico Public Schools Insurance Authority (NMPSIA) not previously identified.,Uniform FY27,Expenditure,52300,No,Yes,Yes,Yes,No,No,No,No,No
52500,Unemployment Compensation,Active,"Amounts paid by the school district or charter school to provide unemployment compensation for its employees. These charges should be distributed to the appropriate functions in accordance with the salary expenditures. Separate accounts may be added to the 52500 series. If separate accounts are established within this series, this account becomes a “roll- up” account for the accumulation of totals; in which case no entries should be posted to this account.",Uniform FY27,Expenditure,52000,No,Yes,Yes,Yes,No,No,No,No,No
52700,Workers Compensation,Active,"Amounts paid by the school district or charter school to provide Workers compensation insurance for its employees. These charges should be distributed to the appropriate functions in accordance with the salary budget. Separate accounts have been established for the 52700 series. This is a “roll-up” account for accumulation of totals. Entries are not posted to the “roll-up” account, but to the individual accounts below.",Uniform FY27,Expenditure,52000,No,No,No,No,No,No,No,No,No
52710,Workers Compensation Premium,Active,Workers compensation for school employed personnel.,Uniform FY27,Expenditure,52700,No,Yes,Yes,Yes,No,No,No,No,No
52720,Workers Compensation Employer's Fee,Active,School district’s or charter school’s share of administrative fee.,Uniform FY27,Expenditure,52700,No,Yes,Yes,Yes,No,No,No,No,No
52730,Workers Compensation (Self Insured),Active,Workers compensation payments to employees from self-funded programs.,Uniform FY27,Expenditure,52700,No,Yes,Yes,Yes,No,No,No,No,No
52900,Other Employee Benefits,Active,"Employee benefits other than those classified above, including fringe benefits such as automobile allowances, housing or related supplements, moving expenses, and paid parking. These charges should be distributed to the appropriate functions in accordance with the related salary expenditures. Additional accounts may be added as needed for this same purpose. This is a “roll- up” account for accumulation of totals. Entries are not posted to the “roll-up” account, but to the accounts listed below.",Uniform FY27,Expenditure,52000,No,No,No,No,No,No,No,No,No
52911,Cafeteria Plan Fees,Active,Payments assessed by insurance agent for administering the cafeteria plan (IRS section 125).,Uniform FY27,Expenditure,52900,No,Yes,Yes,Yes,No,No,No,No,No
52912,Employee Assistance Programs,Active,Employer’s share of employee assistance programs.,Uniform FY27,Expenditure,52900,No,Yes,Yes,Yes,No,No,No,No,No
52913,Workers Compensation Employee Fees,Active,Expenditures for employees’ share of administrative fee.,Uniform FY27,Expenditure,52900,No,Yes,Yes,Yes,No,No,No,No,No
52914,Deferred Sick Leave Reserve,Active,Employee’s share of unused sick leave to be transferred to an unused sick leave pool pursuant to the school district’s or charter school’s deferred sick leave plan.,Uniform FY27,Expenditure,52900,No,Yes,Yes,Yes,No,No,No,No,No
53000,Purchased Professional and Technical Services,Active,"Services that by their nature can be performed only by persons or firms with specialized skills and knowledge. Although a product may or may not result from the transaction, the primary reason for the purchase is the service provided. Included are the services of architects, engineers, auditors, dentists, medical doctors, lawyers, consultants, teachers, and accountants. Separate accounts have been established for the 53000 series. This is a “roll-up” account for accumulation of totals. Entries are not posted to the “roll-up” account, but to the accounts listed below.",Uniform FY27,Expenditure,50000,Yes,No,No,No,No,No,Yes,No,No
53200,Professional Educational Services,Active,"Ancillary services supporting special programs. Only used in function 2100 and object 53215 also in function 3300. Separate sub accounts have been established for the 53200 series. This is a “roll-up” account for accumulation of totals. Entries are not posted to the “roll-up” account, but to the accounts listed below.",Uniform FY27,Expenditure,53000,No,No,No,No,No,No,No,No,No
53211,Diagnosticians - Contracted,Active,Contracted diagnostic services.,Uniform FY27,Expenditure,53200,No,Yes,Yes,No,No,No,No,No,No
53212,Speech Therapists - Contracted,Active,Contracted speech therapist services.,Uniform FY27,Expenditure,53200,No,Yes,Yes,No,No,No,No,No,No
53213,Occupational Therapists - Contracted,Active,Contracted occupational therapist services.,Uniform FY27,Expenditure,53200,No,Yes,Yes,No,No,No,No,No,No
53214,Physical/Recreational Therapists - Contracted,Active,Contracted physical and recreational therapist services.,Uniform FY27,Expenditure,53200,No,Yes,Yes,No,No,No,No,No,No
53215,Psychologists/Counselors - Contracted,Active,Contracted psychologist or other licensed counselor services.,Uniform FY27,Expenditure,53200,No,Yes,Yes,No,No,No,No,No,No
53216,Audiologists - Contracted,Active,Contracted audiologist services.,Uniform FY27,Expenditure,53200,No,Yes,Yes,No,No,No,No,No,No
53217,Interpreters - Contracted,Active,Contracted interpreter services.,Uniform FY27,Expenditure,53200,No,Yes,Yes,No,No,No,No,No,No
53218,Specialists - Contracted,Active,"Contracted special education related, and orientation and mobility specialists.",Uniform FY27,Expenditure,53200,No,Yes,Yes,No,No,No,No,No,No
53219,Special Ed Assistants (Non-Instructional) - Contracted,Active,Contracted personnel who assist special education students in therapeutic or other non-instructional settings.,Uniform FY27,Expenditure,53200,No,Yes,Yes,No,No,No,No,No,No
53300,Professional Employee Training and Development,Active,"Services supporting the professional development of school district personnel, including instructional and administrative employees. This is a “roll-up” account for accumulation of totals. Entries are not posted to the “roll-up” account, but to the account listed below.",Uniform FY27,Expenditure,53000,No,No,No,No,No,No,Yes,No,No
53330,Professional Development,Active,"Services supporting the professional development of school district personnel, including instructional and administrative employees. Included are course registration fees (that are not tuition reimbursement), charges from external vendors to conduct training courses (at either school district facilities or off-site), and other expenditures associated with training or professional development by third party vendors (Contracts/Contractors for materials or services). Necessary and legal travel for school district personnel including instructional and administrative employees in accordance with state and local policy and regulations. All expenditures should be captured in this account regardless of the type or intent of the training course or professional development activity. (Used with functions 2200, 2300, 2400, 2500, 2600, 2700 and 3100, 3300 - Training for instructional staff uses 2200, general administrative staff 2300, school administrative staff 2400, maintenance employees 2600, transportation employees 2700, food service employees 3100, community service staa, and all other administrative staff 2500).",Uniform FY27,Expenditure,53300,No,Yes,Yes,No,No,No,No,No,No
53400,Other Professional Services,Active,"Professional services other than educational services that support the operation of the school district or charter school. Included are medical doctors, lawyers, architects, auditors, accountants, dieticians, editors, negotiations specialists, systems analysts, planners, and the like. Separate accounts have been established for the 53400 series. Additional accounts may be added as needed for this same purpose. This is a “roll-up” account for accumulation of totals. Entries are not posted to the “roll-up” account, but to the accounts listed below.",Uniform FY27,Expenditure,53000,No,No,No,No,No,No,No,No,No
53411,Auditing,Active,Auditor or public examiner for services rendered in examining and reporting on the financial affairs of a school district or charter school. Used with Functions 2300 (Support Services – General Administration) and 3100 (Food Services Operations).,Uniform FY27,Expenditure,53400,No,Yes,Yes,No,No,No,No,No,No
53412,Bond/Board Elections,Active,"Fees paid for personnel services in conducting school elections such as school boards and bond elections. Include the cost of printing of ballots and election instructions, advertising, posting of notices, postage, rental payment of voting machines, technical services, informational brochures or flyers, (excluding those which advocate a position on the referendum or one which instructs the voters to subject or reject the question), and other related expenses of an election. Do NOT include services performed by district or charter school staff; charge these costs in the appropriate personnel compensation and supply accounts. Only used with Function 2300 (Support Services – General Administration).",Uniform FY27,Expenditure,53400,No,Yes,Yes,No,No,No,No,No,No
53413,Legal,Active,Legal personnel under contract. Used with Functions 2300 (Support Services – General Administration) and 3100 (Food Services Operations),Uniform FY27,Expenditure,53400,No,Yes,Yes,No,No,No,No,No,No
53414,Other Services,Active,"Professional services such as architectural, engineering, medical, financial advisory, bank services, data processing, management consultants, insurance/casualty consultants, actuarial, negotiators, and fees paid in connection with the sale and issuance of bonds (i.e., Financial Advisory Fees). Used with Functions 1000, 2100 through 2500, 3100 and 4000. (Do NOT include amounts paid for services to upgrade telecommunications and data communications systems; charge cost of these services to 54320.) Use 53330 for educational consultants and professional trainers.",Uniform FY27,Expenditure,53400,No,Yes,Yes,No,No,No,No,No,No
53700,Other Purchased Services,Active,"Other purchased services not previously categorized. Separate accounts have been established for the 53700 series. Additional accounts may be added as needed for this same purpose. This is a “roll-up” account for accumulation of totals. Entries are not posted to the “roll-up” account, but to the accounts listed below.",Uniform FY27,Expenditure,53000,No,No,No,No,No,No,No,No,No
53711,Other Charges,Active,"Includes charges such as court costs, filing fees, notary bonds, professional association dues, commissions, district memberships, non-employee stipends, allowance other related charges, and registration fees (expenses). Postage is to be charged to account 56118 (General Supplies and Materials).",Uniform FY27,Expenditure,53700,No,Yes,Yes,No,No,No,No,No,No
53712,County Tax Collection Costs,Active,Expenditures for assessed county collection costs.,Uniform FY27,Expenditure,53700,No,Yes,Yes,No,No,No,No,No,No
53713,Indirect Costs - Program Administration,Active,Indirect costs paid to Operational sub-fund for administration of programs.,Uniform FY27,Expenditure,53700,No,Yes,Yes,No,No,No,No,No,No
53760,Tuition For Concurrent Enrollment,Active,Expenditures to reimburse other educational agencies for instructional services to students residing within the legal boundaries described for paying the school district. (Used only with function 1000).,Uniform FY27,Expenditure,53700,No,Yes,Yes,No,No,No,No,No,No
53762,Tuition To Other School Districts Outside the State,Active,Tuition paid to other school districts outside the state. (Used only with function 1000).,Uniform FY27,Expenditure,53700,No,Yes,Yes,No,No,No,No,No,No
54000,Purchased Property Services,Active,"Services purchased to operate, repair, maintain, and rent property owned or used by the school district or charter school when performed by persons other than school district or charter school employees. Although a product may or may not result from the transaction, the primary reason for the purchase is the service provided. This is a “roll- up” account for accumulation of totals. Entries are not posted to the “roll-up” account, but to the accounts listed below.",Uniform FY27,Expenditure,50000,Yes,No,No,No,No,No,Yes,No,No
54300,Repairs and Maintenance Services,Active,"Expenditures for repairs and maintenance services not provided directly by school district or charter school personnel. Separate accounts have been established for the 54300 series. This is a “roll-up” account for accumulation of totals. Entries are not posted to the “roll-up” account, but to the accounts listed below.",Uniform FY27,Expenditure,54000,No,No,No,No,No,No,No,No,No
54311,Maintenance & Repair - Furniture/Fixtures/Equipment,Active,"Contract service agreements that authorize an individual or outside source to perform maintenance, repair, recondition or overhaul of all school-owned furniture, fixtures, and/or equipment.",Uniform FY27,Expenditure,54300,No,Yes,Yes,No,No,No,No,No,No
54312,Maintenance & Repair - Buildings and Grounds,Active,"Contract service agreements that authorize an outside agency to perform maintenance, repair, and custodial services; including rental of equipment used by school employees in repair and upkeep of school-owned buildings and grounds.",Uniform FY27,Expenditure,54300,No,Yes,Yes,No,No,No,No,No,No
54313,Maintenance & Repair - Vehicles,Active,"Contract service agreements that authorize an outside agency to perform maintenance, repair, recondition, or overhaul of school-owned vehicles.",Uniform FY27,Expenditure,54300,No,Yes,Yes,No,No,No,No,No,No
54314,Maintenance & Repair - Buses,Active,"Contract service agreement that authorize an outside agency to perform maintenance, repair, recondition, or overhaul to school-owned buses.",Uniform FY27,Expenditure,54300,No,Yes,Yes,No,No,No,No,No,No
54315,Maintenance & Repair - Bldgs/Grnds/Equipment (SB-9),Active,"Contract service agreements that authorize an outside agency to perform maintenance and repair on school- owned buildings, grounds, and equipment.",Uniform FY27,Expenditure,54300,No,Yes,Yes,No,No,No,No,No,No
54320,Technology-Related Repairs and Maintenance,Active,"Expenditures for repairs and maintenance services for technology equipment that are not directly provided by school district personnel. This includes ongoing service agreements for technology hardware (e.g., personal computers and servers). (Used with functions 1000, 2100 to 2500, 3100, 4000.)",Uniform FY27,Expenditure,54300,No,Yes,Yes,No,No,No,No,No,No
54400,Utility Services,Active,"Expenditures for utility services supplied by public or private organizations. Used with Functions 2600 (Operation & Maintenance of Plant), 2700 (Student Transportation), and 3100 (Food Services Operation). Separate accounts have been established for the 54400 series. This is a “roll-up” account for accumulation of totals. Entries are not posted to the “roll-up” account, but to the accounts listed below.",Uniform FY27,Expenditure,54000,No,No,No,No,No,No,No,No,No
54411,Electricity,Active,"Expenditures for electric utility services including lighting, power, and heat, including fees for rented or contracted lighting from a private or Public Utility Company.",Uniform FY27,Expenditure,54400,No,Yes,Yes,No,No,No,No,No,No
54412,Natural Gas (Buildings),Active,Costs associated with heating of school district or charter school buildings through the use of natural gas.,Uniform FY27,Expenditure,54400,No,Yes,Yes,No,No,No,No,No,No
54413,Propane/Butane (Buildings),Active,"Cost of fuel, including delivering fees, for the purpose of providing heat for school district or charter school buildings.",Uniform FY27,Expenditure,54400,No,Yes,Yes,No,No,No,No,No,No
54414,Other Energy (Buildings),Active,"Cost of other fuel sources used as heat for school district or charter school buildings such as coal, wood, steam, and fuel oil including delivery fees.",Uniform FY27,Expenditure,54400,No,Yes,Yes,No,No,No,No,No,No
54415,Water/Sewage,Active,Water and sewage disposal. (Expenditures for electric power for pumping of a school district’s or charter school’s water are charged to account 54411 – Electricity.),Uniform FY27,Expenditure,54400,No,Yes,Yes,No,No,No,No,No,No
54416,Communication Services,Active,"Services provided by persons or businesses to assist in transmitting and receiving messages or information. This category includes telephone, and voicemail; data communication services to establish or maintain computer-based communications, networking, and Internet services; video communications services to establish or maintain one-way or two-way video communications via satellite, cable, or other devices. Do NOT include the cost to purchase telephone communications systems.",Uniform FY27,Expenditure,54400,No,Yes,Yes,No,No,No,No,No,No
54500,Construction Services,Active,"Includes amounts for constructing, reNovating, and remodeling buildings or infrastructure assets paid to contractors (such as architectural services). Also includes the costs of non- permanent site improvements such as fencing, walkways, and roads that are related to buildings and building sites. Do NOT include amounts paid for services to upgrade telecommunications and data communication systems; these should be charged to 54416 (Communication Services). Used only with Function 4000. Separate accounts may be established for this series. If separate accounts are established within this series, this account becomes a “roll-up” account for the accumulation of totals; in which case no entries should be posted to this account.",Uniform FY27,Expenditure,54000,No,Yes,Yes,No,No,No,No,No,No
54600,Rental Expense,Active,"Costs for renting or leasing land, buildings, equipment, and vehicles. Separate accounts have been established for the 54600 series. Used in most Functions except for 2900 (Other Support Services) and 5000 (Debt Service and Miscellaneous). This is a “roll-up” account for accumulation of totals. Entries are not posted to the “roll-up” account, but to the accounts listed below.",Uniform FY27,Expenditure,54000,No,No,No,No,No,No,No,No,No
54610,Rental - Land and Buildings,Active,Expenditures for leasing or renting land and buildings for both temporary and long-range use by the school district or charter school. Used with Function 2600 (Operation of Buildings).,Uniform FY27,Expenditure,54600,No,Yes,Yes,No,No,No,No,No,No
54620,Rental - Equipment and Vehicles,Active,"Expenditures for leasing or renting equipment or vehicles for both temporary and long-range use by the school district or charter school. Includes bus and other vehicle rental when operated by a local school district or charter school, lease- purchase arrangements, and similar rental agreements. Do NOT include costs associated with the rental of computers or other technology-related equipment. These costs should be coded to account 54630 (Rentals of Computers and Related Equipment) as described below.",Uniform FY27,Expenditure,54600,No,Yes,Yes,No,No,No,No,No,No
54630,Rental - Computers and Related Equipment,Active,Expenditures for leasing or renting computers and related equipment for both temporary and long-range use.,Uniform FY27,Expenditure,54600,No,Yes,Yes,No,No,No,No,No,No
54640,Rental - Lease To Purchase,Active,"Expenditures for leasing or renting land and buildings for both temporary and long-range use by the school district or charter school. This includes bus and other vehicle rentals when operated by a school district or charter school, leased purchased arrangements and similar rental agreements. (Only used in Function 4000).",Uniform FY27,Expenditure,54600,No,Yes,Yes,No,No,No,No,No,No
55000,Other Purchased Services,Active,"Amounts paid for services rendered by organizations or personnel not on the payroll of the school district or charter school (separate from Professional and Technical Services or Property Services). Although a product may or may not result from the transaction, the primary reason for the purchase is the service provided. This is a “roll-up” account for accumulation of totals. Entries are not posted to the “roll-up” account, but to the accounts listed below.",Uniform FY27,Expenditure,50000,Yes,No,No,No,No,No,Yes,No,No
55100,Student Transportation Services,Active,"Expenditures for transporting children to and from school and other activities. Used only with Function 2700 (Student Transportation). Separate accounts have been established for the 55100 series. Additional accounts may be added as needed for this same purpose. This is a “roll-up” account for accumulation of totals. Entries are not posted to the “roll-up” account, but to the accounts listed below.",Uniform FY27,Expenditure,55000,No,No,No,No,No,No,Yes,No,No
55111,Transportation Per-Capita Feeders,Active,Payments for private conveyance to designated locations. Used only with Function 2700 (Student Transportation).,Uniform FY27,Expenditure,55100,No,Yes,Yes,No,No,No,No,No,No
55112,Transportation Contractors,Active,"Owners who operate, under a contract with the local school board to transport pupils to and from school pursuant to Sections 22-16-3 and 22-16-6, NMSA, 1978 Compilation. Used only with Function 2700 (Student Transportation).",Uniform FY27,Expenditure,55100,No,Yes,Yes,No,No,No,No,No,No
55200,Property/Liability Insurance,Active,"Insurance coverage in accordance with requirements of statutes which include the following types: General liability, civil rights/personal injury, malpractice, property liability, auto liability, and surety bonds. Used with Functions 1000 (Instruction), 2100 (Support Services – Students), 2600 (Operation & Maintenance of Plant), 2700 (Student Transportation), and 3100 (Food Services Operation), 3300 (Community Service Operation). Separate accounts may be established for the 55200 series for each type of insurance. If separate accounts are established within this series, this account becomes a “roll-up” account for the accumulation of totals; in which case no entries should be posted to this account.",Uniform FY27,Expenditure,55000,No,Yes,Yes,No,No,No,No,No,No
55400,Advertising,Active,"Expenditures for announcements in professional publications, newspapers, or broadcasts over radio and television. Includes advertising for such purposes as personnel recruitment, legal ads, new and used equipment, and sale of property. Costs for professional advertising or public relations services are not recorded here but are charged to account 53400 (Other Professional Services). Used with Functions 2300 (Support Services – General Administration) and 2500 (Central Services). Separate accounts may be established for the 55400 series for each advertising purpose. If separate accounts are established within this series, this account becomes a “roll-up” account for the accumulation of totals; in which case no entries should be posted to this account.",Uniform FY27,Expenditure,55000,No,Yes,Yes,No,No,No,No,No,No
55800,Travel and Training,Active,"Expenditures for transportation, meals, hotel, and other expenditures associated with staff travel for the school district or charter school other than for professional development. Payments for per diem in lieu of reimbursements for subsistence (room and board) also are charged here. Separate accounts have been established for the 55800 series. This is a “roll-up” account for accumulation of totals. Entries are not posted to the “roll-up” account, but to the accounts listed below.",Uniform FY27,Expenditure,55000,No,No,No,No,No,No,No,No,No
55811,Board Travel,Active,Necessary and legal travel that requires an overnight stay for local school boards in accordance with State and local policy and regulations. Only used with Function 2300 (Support Services – General Administration). Travel that does not include an overnight stay code to object 51100 and use job class 1800.,Uniform FY27,Expenditure,55800,No,Yes,Yes,No,No,No,No,No,No
55812,Board Training,Active,Expenses related to school board training pursuant to New Mexico Educational Standards. Only used with Function 2300 (Support Services – General Administration).,Uniform FY27,Expenditure,55800,No,Yes,Yes,No,No,No,No,No,No
55813,Employee Travel - Non-Teachers,Active,Necessary and legal travel for school district or charter school employees other than Teachers and direct instructional personnel in accordance with state and local policy and regulations. Used with all Functions except 5000 (Debt Service). Use 53330 for any expenditures that apply to professional development.,Uniform FY27,Expenditure,55800,No,Yes,Yes,No,No,No,No,No,No
55815,Bus Driver Institute Training,Active,Expenses for attending the New Mexico School Bus Driver’s Training Institute. Only used in Functions 2300 (Support Services – General Administration) and 2700 (Student Transportation).,Uniform FY27,Expenditure,55800,No,Yes,Yes,No,No,No,No,No,No
55816,Bus Driver In-Service Training,Active,Cost of all other required driver’s training. Only used in Functions 2300 (Support Services – General Administration) and 2700 (Student Transportation).,Uniform FY27,Expenditure,55800,No,Yes,Yes,No,No,No,No,No,No
55817,Student Travel,Active,"Meals, lodging, and transportation costs for student travel other than to and from school. Only used in Function 1000 (Instruction) and 3300 (Community Services Operations).",Uniform FY27,Expenditure,55800,No,Yes,Yes,No,No,No,No,No,No
55818,Other Travel - Non-Employees,Active,"Meals, lodging, and transportation costs other than to and from school non-employees traveling on school business, e.g. parents, advisory councils. Used in Functions 1000 (Instruction), 2100 (Support Services – Students), 2200 (Support Services – Instruction), 2300 (Support Services – General Administration), and 3300 (Community Services Operations).",Uniform FY27,Expenditure,55800,No,Yes,Yes,No,No,No,No,No,No
55819,Employee Travel - Teachers,Active,Necessary and legal travel for teachers and direct instructional personnel in accordance with state and local policy and regulations. Only used in Function 1000 (Instruction). Use 53330 for any expenditures that apply to professional development.,Uniform FY27,Expenditure,55800,No,Yes,Yes,No,No,No,No,No,No
55820,Other Transportation Related Services,Active,"Revenues are derived from a school districts remaining cash balance not to exceed 25% of the total balance pursuant to Section 22-8-26C. Only used in Fund 13000, 27152, 27153 with function 2700.",Uniform FY27,Expenditure,55800,No,Yes,Yes,No,No,No,No,No,No
55900,"Inter-educational, Inter-Agency Purchased Services",Active,"Payments - other than tuition or transportation - for services made between a school district or charter school and other governmental entities. Used so that all payments among districts and charter schools can be eliminated when consolidating reports from multiple school districts and charter schools at state and federal levels (when a question arises about whether to code such payments to the 53000 series or to this account). Separate accounts have been established for the 55900 series. This is a “roll-up” account for accumulation of totals. Entries are not posted to the “roll-up” account, but to the accounts listed below.",Uniform FY27,Expenditure,55000,No,No,No,No,No,No,No,No,No
55912,Flowthrough Grants to Charters,Active,Services.,Uniform FY27,Expenditure,55900,No,Yes,Yes,No,No,Yes,No,No,No
55913,Contracts - Inter-agency/REC,Active,"Expenditures for all contractual agreements with other school districts and charter schools and Rural Education Cooperatives and governmental entities. Used with all Functions except 2900 (Other Support Services), 4000 (Capital Outlay), and 5000 (Debt Service and Miscellaneous). Use 53330 for any expenditures that apply to professional development.",Uniform FY27,Expenditure,55900,No,Yes,Yes,No,No,No,No,No,No
55914,Contracts - Interagency,Active,"Expenditures for all contractual agreements with other school districts and charter schools and governmental entities. Used with all Functions except 2900 (Other Support Services), 4000 (Capital Outlay), and 5000 (Debt Service and Miscellaneous). Use 53330 for any expenditures that apply to professional development.",Uniform FY27,Expenditure,55900,No,Yes,Yes,No,No,No,No,No,No
55915,Other Contract Services,Active,"Includes services such as janitorial, security, legal notices, linen and industrial, printing and binding, medical claims review/payment, grounds keeping, referees, and drug and alcohol testing. Used with all Functions except 2900 (Other Support Services), 4000 (Capital Outlay), and 5000 (Debt Service and Miscellaneous). Use 53330 for any expenditures that apply to professional development.",Uniform FY27,Expenditure,55900,No,Yes,Yes,No,No,No,No,No,No
55916,Bus Inspections,Active,Expenditures in the Transportation sub-fund for contracted bus inspections. Only used in Function 2700 (Student Transportation).,Uniform FY27,Expenditure,55900,No,Yes,Yes,No,No,No,No,No,No
56000,Supplies,Active,"Amounts paid for items that are consumed, are worn out, or deteriorate through use; or items that lose their identity through fabrication or incorporation into different or more complex units or substances. Equipment that has a cost lower than the school district’s or charter school’s capitalization threshold should be coded in this series instead of to a 57000 series code. This is a “roll-up” account for accumulation of totals. Entries are not posted to the “roll-up” account, but to the accounts listed below.",Uniform FY27,Expenditure,50000,Yes,No,No,No,No,No,Yes,No,No
56100,General Supplies,Active,"Expenditures for all supplies (other than those listed in 56200 below) for the operation of a school district or charter school, including freight and cartage. A more thorough classification of supply expenditures is achieved by identifying the object with the function—for example, audiovisual supplies or classroom teaching supplies. Used with all Functions except 5000 (Debt Service). Separate accounts have been established for the 56100 series. This is a “roll-up” account for accumulation of totals. Entries are not posted to the “roll-up” account, but to the accounts listed below.",Uniform FY27,Expenditure,56000,No,No,No,No,No,No,No,No,No
56105,Instructional Materials - Operational,Active,"Expenditures for instructional materials using Operational Funds. Include the cost of textbooks, educational content and resources, digital and/or print resources, learning kits, subscriptions, workbooks, reference books, and supplementary materials used as the basis for instruction. Only available in funds 11000, 15100, 15200 function 1000.",Uniform FY27,Expenditure,56100,No,Yes,Yes,No,No,No,No,No,No
56106,Other Classroom Materials - Operational,Active,"Expenditures for other classroom materials using Operational Funds. Include the cost of art supplies, maps, globes, science laboratory supplies, and other classroom materials used to support direct instruction to students. Only available in funds 11000, 15100, 15200 function 1000.",Uniform FY27,Expenditure,56100,No,Yes,Yes,No,No,No,No,No,No
56107,Instructional Materials Credit - 50% Textbooks,Active,"Expenditures for books, textbooks, and periodicals prescribed and available for general use, including reference books. Include the cost of workbooks, textbook binding or repairs, and textbooks that are purchased to be resold or rented. Also recorded here are the costs of binding or other repairs to school library books. Only available in funds 14000, 27109 function 1000.",Uniform FY27,Expenditure,56100,No,Yes,Yes,No,No,No,No,No,No
56108,Instructional Materials Credit - 25% of 56111,Active,"Other Expenditures credited to the district for instructional materials, not referred to in 56107, and approved by PED in this category. Only available in fund 14000, 27109 function 1000.",Uniform FY27,Expenditure,56100,No,Yes,Yes,No,No,No,No,No,No
56109,Instructional Materials On Line Digital Subscriptions,Active,,Uniform FY27,Expenditure,56100,No,Yes,Yes,No,No,No,No,No,No
56110,Instructional Materials - Dual Credit,Active,"Expenditures for instructional materials, including textbooks, textbook rentals, access fees, digital subscriptions, learning kits and other supplementary course materials used as the basis for instruction of dual credit courses. Only available in funds 11000, 15100, 15200 function 1000.",Uniform FY27,Expenditure,56100,No,Yes,Yes,No,No,No,No,No,No
56111,Instructional Materials Cash - 50% Textbooks,Active,"Expenditures for books, textbooks, and periodicals prescribed and available for general use, including reference books. Include the cost of workbooks, textbook binding or repairs, and textbooks that are purchased to be resold or rented. Also recorded here are the costs of binding or other repairs to school library books. Only available in fund 14000, 27109 function 1000.",Uniform FY27,Expenditure,56100,No,Yes,Yes,No,No,No,No,No,No
56112,Other Instructional Materials,Active,Expenditures for instructional materials not covered by Instructional Materials Cash or Instructional Materials Credit.,Uniform FY27,Expenditure,56100,No,Yes,Yes,No,No,No,No,No,No
56113,Software,Active,Expenditures for purchased computer software used for educational or administrative purposes including software licenses.,Uniform FY27,Expenditure,56100,No,Yes,Yes,No,No,No,No,No,No
56114,Library And Audio-Visual,Active,"Library resources used in the library such as school library books, equipment, and supplemental library resource acquisitions, including print, non-print and electronic resources for general use in public school libraries statewide.",Uniform FY27,Expenditure,56100,No,Yes,Yes,No,No,No,No,No,No
56115,Board Expenses,Active,Supplies and materials related to the local school board.,Uniform FY27,Expenditure,56100,No,Yes,Yes,No,No,No,No,No,No
56116,Food,Active,Food supplies to be used in a school approved program. Used only in Function 3100 (Food Services Operation).,Uniform FY27,Expenditure,56100,No,Yes,Yes,No,No,No,No,No,No
56117,Non-Food,Active,Non-food supply items to be used in a school approved program. Used only in Function 3100 (Food Services Operation).,Uniform FY27,Expenditure,56100,No,Yes,Yes,No,No,No,No,No,No
56118,General Supplies and Materials,Active,"Other supplies and materials purchased for the operation of school district or charter school facilities, equipment, vehicles, and programs (e.g., postage, office supplies) not accounted for elsewhere.",Uniform FY27,Expenditure,56100,No,Yes,Yes,No,No,No,No,No,No
56119,"Supply Assets ($5,000 or less).",Active,"Initial, additional and replacement items of equipment such as furniture, equipment, machinery, band uniforms and instruments. Includes equipment expenditures for instruction, administration, operation and maintenance of plant, food and community services.",Uniform FY27,Expenditure,56100,No,Yes,Yes,No,No,No,No,No,No
56200,Energy and Transportation Maintenance and Supplies,Active,"Expenditures for energy, including gas, oil, coal, and gasoline, and for services received from public or private utility companies. Separate accounts have been established for the 56200 series. Used only in Functions 2600 (Operation & Maintenance of Plant) and 2700 (Student Transportation).This is a “roll-up” account for accumulation of totals. Entries are not posted to the “roll-up” account, but to the accounts listed below.",Uniform FY27,Expenditure,56000,No,No,No,No,No,No,No,No,No
56210,Natural Gas (Vehicles),Active,Expenditures for gas utility services from a private or public utility company. Used with Functions 2600 (Operation & Maintenance of Plant) and 2700 (Student Transportation).,Uniform FY27,Expenditure,56200,No,Yes,Yes,No,No,No,No,No,No
56211,Gasoline,Active,Gasoline purchases. Used with Functions 2600 (Operation & Maintenance of Plant) and 2700 (Student Transportation),Uniform FY27,Expenditure,56200,No,Yes,Yes,No,No,No,No,No,No
56212,Diesel Fuel,Active,Diesel fuel purchases. Used with Functions 2600 (Operation & Maintenance of Plant) and 2700 (Student Transportation).,Uniform FY27,Expenditure,56200,No,Yes,Yes,No,No,No,No,No,No
56213,Propane (Vehicles),Active,Propane or natural gas. Used with Functions 2600 (Operation & Maintenance of Plant) and 2700 (Student Transportation).,Uniform FY27,Expenditure,56200,No,Yes,Yes,No,No,No,No,No,No
56214,Lubricants/Anti-Freeze,Active,Lubricant or anti-freeze. Used with Functions 2600 (Operation & Maintenance of Plant) and 2700 (Student Transportation).,Uniform FY27,Expenditure,56200,No,Yes,Yes,No,No,No,No,No,No
56215,Tires/Tubes,Active,Tire and tube purchases. Used with Functions 2600 (Operation & Maintenance of Plant) and 2700 (Student Transportation).,Uniform FY27,Expenditure,56200,No,Yes,Yes,No,No,No,No,No,No
56216,Maintenance Supplies/Parts,Active,Maintenance supplies and parts. Used only for supplies and materials. Do NOT include labor; charge this to accounts in the 54300 series (Repairs and Maintenance Services). Used only in Function 2600 (Operation and Maintenance of Plant) and in 2700 (Student Transportation).,Uniform FY27,Expenditure,56200,No,Yes,Yes,No,No,No,No,No,No
57000,Property,Active,"Expenditures for acquiring capital assets, including land, existing buildings, existing infrastructure assets, and equipment. This is a “roll-up” account for accumulation of totals. Entries are not posted to the “roll-up” account, but to the accounts listed below.",Uniform FY27,Expenditure,50000,Yes,No,No,No,No,No,Yes,No,No
57100,Land and Land Improvements,Active,"Expenditures for the purchase of land and the improvements thereon. Includes purchases of air rights, mineral rights, and the like. Also included special assessments against the school district or charter school for capital improvements such as streets, curbs, and drains. Used with Function 4000 (Capital Outlay). Separate accounts have been established for the 57100 series. This is a “roll-up” account for accumulation of totals. Entries are not posted to the “roll-up” account, but to the accounts listed below.",Uniform FY27,Expenditure,57000,No,No,No,No,No,No,Yes,No,No
57111,Land,Active,"Purchase of land. Includes expenses for drawings, specifications and other professional service fees directly related to the acquisition of sites, such as appraisal fees, search and title insurance, site surveys, and condemnation proceedings.",Uniform FY27,Expenditure,57100,No,Yes,Yes,No,No,No,No,No,No
57112,Land Improvements,Active,"Expenses for original improvement or total replacement of surface improvements. This may include grading, landscaping, seeding, planting of trees and shrubs, sidewalks, roadways, retaining walls, sewers, storm drains, hydrants, surfacing and soil treatment of athletic fields, tennis courts, fixed playground apparatus, flagpoles, gateways, fences, underground storage tanks which are not part of building service systems, digging of wells, and demolition work. This can include expenditures for special assessments against the school district or charter school for capital improvements, such as streets, curbs, sidewalks, sewers, and drains. Do NOT include general maintenance and repairs.",Uniform FY27,Expenditure,57100,No,Yes,Yes,No,No,No,No,No,No
57200,Buildings Purchase,Active,"Expenditures for acquiring existing buildings. Included are expenditures for installment or lease payments (except interest) that have a terminal date and result in the acquisition of buildings, except payments to public school housing authorities or similar agencies. Do NOT include expenditures for the contracted construction of buildings, for major permanent structural alterations, and for the initial or additional installation of heating and ventilating systems, fire protection systems, and other service systems in existing buildings; charge these to 54500 (Construction Services). Also do NOT include buildings built and alterations performed by the school district's or charter school’s own staff. Labor and materials costs for buildings constructed by district or charter school staff are charged to the appropriate object codes within operational funds. This code is used with governmental funds only. Used with Function 4000. Separate accounts may be established for this series. If separate accounts are established within this series, this account becomes a “roll-up” account for the accumulation of totals; in which case no entries should be posted to this account.",Uniform FY27,Expenditure,57000,No,Yes,Yes,No,No,No,Yes,No,No
57300,Vehicles and Equipment,Active,"Expenditures for the initial, additional, and replacement items of equipment, such as machinery, furniture and fixtures, and vehicles. Separate accounts have been established for the 57300 series. This is a “roll-up” account for accumulation of totals. Entries are not posted to the “roll-up” account, but to the accounts listed below.",Uniform FY27,Expenditure,57000,No,No,No,No,No,No,Yes,No,No
57311,Vehicles General,Active,Purchase of vehicles. Exclude buses and heavy equipment.,Uniform FY27,Expenditure,57300,No,Yes,Yes,No,No,No,No,No,No
57312,Buses,Active,Purchase of buses.,Uniform FY27,Expenditure,57300,No,Yes,Yes,No,No,No,No,No,No
57313,Heavy Equipment,Active,Purchase of heavy equipment (exceeding one ton).,Uniform FY27,Expenditure,57300,No,Yes,Yes,No,No,No,No,No,No
57331,"Fixed Assets (more than $5,000)",Active,"Tangible assets with a life longer than one year, such as land, buildings and improvements, equipment, machinery, construction work in progress, and leased assets costing more than $5,000. Such items shall be added to the fixed assets inventory presented to the auditor.",Uniform FY27,Expenditure,57300,No,Yes,Yes,No,No,No,No,No,No
57340,Technology-Related Hardware.,Active,"Expenditures for technology-related equipment and technology infrastructure. These costs include those associated with the purchase of network equipment, servers, PCs, printers, other peripherals, and devices. Technology-related supplies should be coded to object code 56119, Supply Assests. (Used with all functions, but primarily with 1000, 2200, and 2500.)",Uniform FY27,Expenditure,57300,No,Yes,Yes,No,No,No,No,No,No
57350,Technology Software.,Active,"Expenditures for purchased software used for educational or administrative purposes that exceed the capitalization threshold. Expenditures for software that meet the standards for classification as a supply should be coded to object code 56119, Supply Assests.. (Used with all functions, but primarily with 1000, 2200, and 2500.)",Uniform FY27,Expenditure,57300,No,Yes,Yes,No,No,No,No,No,No
58000,Debt Service and Miscellaneous,Active,"The third digit generally functions as a header or description for the detail accounts to follow. The fourth and fifth digits allow for a further breakdown of the expenditure account. Note: Codes that are necessary for the NCES reporting are noted with an asterisk (*). Following the description of the Expenditure Objects, a listing is provided of the required NCES reporting codes.",Uniform FY27,Expenditure,50000,Yes,No,No,No,No,No,No,No,No
58200,Miscellaneous Expenditures,Active,"This is a “roll-up” account for accumulation of totals. Entries are not posted to the “roll-up” account, but to the accounts listed below.",Uniform FY27,Expenditure,58000,No,No,No,No,No,No,No,No,No
58211,Tax Liability/Penalty,Active,"Liabilities, penalties, or fines for late or underpayment of taxes and other government assessments. Used only with Function 2900 (Debt Service and Miscellaneous).",Uniform FY27,Expenditure,58200,No,Yes,Yes,No,No,No,No,No,No
58212,Litigation Fees,Active,Settlement and legal fees awarded to plaintiff due to litigation. Used only with Function 2900 (Debt Service and Miscellaneous).,Uniform FY27,Expenditure,58200,No,Yes,Yes,No,No,No,No,No,No
58213,Emergency Reserve,Active,"Restricted cash balance for emergencies, subject to the approval of the Secretary of PED. Used only with Function 2900 (Debt Service and Miscellaneous).",Uniform FY27,Expenditure,58200,No,Yes,Yes,No,No,No,No,No,No
58214,Debt Service Reserve,Active,Restricted cash balance for subsequent years’ payment of principle and interest. Used only with Function 5000 (Debt Service).,Uniform FY27,Expenditure,58200,No,Yes,Yes,No,No,No,No,No,No
58215,Restricted Expenditures,Active,Restricted expenditures such as budget earmarked or set aside for unassigned cash balance.,Uniform FY27,Expenditure,58200,No,Yes,Yes,No,No,No,No,No,No
58216,Special Revenue Bonds Reserve,Active,Restricted cash balance for subsequent years' payment of principle and interest for Special Revenue Bonds. Used only with Function 5000 (Debt Service and Miscellaneous).,Uniform FY27,Expenditure,58200,No,Yes,Yes,No,No,No,No,No,No
58218,75% June Credit,Historical,,Uniform FY27,Expenditure,58200,No,Yes,Yes,No,No,No,No,No,Yes
58219,Payment for State Match - Medicaid,Active,,Uniform FY27,Expenditure,58200,No,Yes,Yes,No,No,No,No,No,No
58220,Loss on Investment,Active,"31600, 31700, 31701, 31900, 41000 and 43000.",Uniform FY27,Expenditure,58200,No,Yes,Yes,No,No,No,No,No,No
58221,Misc. Expense,Active,not otherwise classified.,Uniform FY27,Expenditure,58200,No,Yes,Yes,No,No,No,No,No,No
58300,Debt-Related Expenditures/Expenses,Active,"Principal and interest payments and costs. Separate accounts have been established for the 58300 series. Used only with Function 5000 (Debt Service). This is a “roll- up” account for accumulation of totals. Entries are not posted to the “roll-up” account, but to the accounts listed below.",Uniform FY27,Expenditure,58000,No,No,No,No,No,No,Yes,No,No
58311,Redemption of Principal,Active,"Expenditures to retire bonds (including current and advance refundings) and long-term loans, including lease-purchase arrangements. (Used only with function 5000.)",Uniform FY27,Expenditure,58300,No,Yes,Yes,No,No,No,No,No,No
58313,Special Revenue Bond Principal Payment,Active,Payment of special revenue bond principal.,Uniform FY27,Expenditure,58300,No,Yes,Yes,No,No,No,No,No,No
58322,Interest on Long-Term Debt,Active,"Expenditures for interest on bonds or notes, including lease-purchase arrangements. (Used only with function 5000.)",Uniform FY27,Expenditure,58300,No,Yes,Yes,No,No,No,No,No,No
58324,Special Revenue Bond Interest Payment,Active,Payment of special revenue bond interest.,Uniform FY27,Expenditure,58300,No,Yes,Yes,No,No,No,No,No,No
59000,Other Items,Active,,Uniform FY27,Expenditure,50000,Yes,No,No,No,No,No,No,No,No
59500,Special Items.,Active,"Used to classify special items in accordance with GASB Statement 34. Included are transactions or events within the control of the school district administration that are either unusual in nature or infrequent in occurrence. For some districts, this may include termination benefits resulting from workforce reductions or costs in connection with an early retirement program offered to all employees represented in one or more classes of employees. Some capital asset impairments, as defined by GASB Statement 42, may be reported as special items. In the governmental funds, these items should be separately captioned or disclosed.",Uniform FY27,Expenditure,59000,No,Yes,Yes,No,No,No,No,No,No
59600,Extraordinary Items.,Active,"Used to classify items in accordance with Accounting Principles Board (APB) Opinion No. 30 that are transactions or events that are both unusual in nature and infrequent in occurrence. For some districts, this includes significant costs related to a natural disaster such as a fire, flood, tornado, hurricane, or hail storm or costs related to an environmental disaster. NCES REQUIRED REPORTING CODES The following are the codes required to be reported to the NCES as identified herein. Please note that many of these are header accounts that will require roll-up of sub-accounts to meet the reporting requirements.",Uniform FY27,Expenditure,59000,No,Yes,Yes,No,No,No,No,No,No
